{
  "iteration": 4,
  "image_index": 432,
  "f_measure": 100.0,
  "leaves": [
    0.648093,
    0.523529,
    0.641176,
    0.766667,
    0.664706,
    0.782353,
    0.663594,
    0.641176,
    0.84902,
    0.766667,
    0.641176,
    0.641176,
    0.622922
  ],
  "score_idx": 175,
  "steps": {
    "layer0": [
      [
        0.6446437774558131,
        "func_sqmean",
        [
          [
            0.648093,
            0.641176
          ],
          [
            0,
            2
          ]
        ]
      ],
      [
        0.752310316085058,
        "func_sqmean",
        [
          [
            0.641176,
            0.84902
          ],
          [
            5,
            6
          ]
        ]
      ],
      [
        0.7169851064439902,
        "func_sqmean",
        [
          [
            0.663594,
            0.766667
          ],
          [
            4,
            1
          ]
        ]
      ],
      [
        0.6321148950388686,
        "func_sqmean",
        [
          [
            0.641176,
            0.622922
          ],
          [
            4,
            6
          ]
        ]
      ],
      [
        0.7259167593619119,
        "func_sqmean",
        [
          [
            0.782353,
            0.664706
          ],
          [
            2,
            1
          ]
        ]
      ],
      [
        0.7067124421803397,
        "func_sqmean",
        [
          [
            0.641176,
            0.766667
          ],
          [
            2,
            1
          ]
        ]
      ],
      [
        0.523529,
        "no_op",
        0.523529
      ]
    ],
    "layer1": [
      [
        0.6384100721098077,
        "func_sqmean",
        [
          [
            0.6321148950388686,
            0.6446437774558131
          ],
          [
            3,
            0
          ]
        ]
      ],
      [
        0.7118673046274144,
        "func_sqmean",
        [
          [
            0.7067124421803397,
            0.7169851064439902
          ],
          [
            3,
            1
          ]
        ]
      ],
      [
        0.6328656079151007,
        "func_sqmean",
        [
          [
            0.7259167593619119,
            0.523529
          ],
          [
            1,
            2
          ]
        ]
      ],
      [
        0.752310316085058,
        "no_op",
        0.752310316085058
      ]
    ],
    "layer2": [
      [
        0.6356438853056796,
        "func_sqmean",
        [
          [
            0.6328656079151007,
            0.6384100721098077
          ],
          [
            2,
            0
          ]
        ]
      ],
      [
        0.7323680328514824,
        "func_sqmean",
        [
          [
            0.7118673046274144,
            0.752310316085058
          ],
          [
            0,
            1
          ]
        ]
      ]
    ],
    "layer3": [
      [
        0.6857135278194714,
        "func_sqmean",
        [
          [
            0.6356438853056796,
            0.7323680328514824
          ],
          [
            0,
            1
          ]
        ]
      ]
    ]
  }
}