{
  "iteration": 3,
  "image_index": 433,
  "f_measure": 100.0,
  "leaves_indexes": [
    2,
    12,
    5,
    8,
    3,
    9,
    1,
    0,
    13,
    4,
    6,
    14
  ],
  "leaves": [
    0.570899,
    0.464706,
    0.817647,
    0.586275,
    0.586275,
    0.660784,
    0.586275,
    0.586275,
    0.723529,
    0.616751,
    0.617647,
    0.747059
  ],
  "score_idx": 164,
  "steps": {
    "layer0": [
      [
        0.6516977374680689,
        "func_sqmean",
        [
          [
            0.723529,
            0.570899
          ],
          [
            8,
            0
          ]
        ]
      ],
      [
        0.586275,
        "func_mean",
        [
          [
            0.586275,
            0.586275
          ],
          [
            6,
            2
          ]
        ]
      ],
      [
        0.7114298954338368,
        "func_sqmean",
        [
          [
            0.817647,
            0.586275
          ],
          [
            1,
            3
          ]
        ]
      ],
      [
        0.6021653395181427,
        "func_sqmean",
        [
          [
            0.617647,
            0.586275
          ],
          [
            4,
            2
          ]
        ]
      ],
      [
        0.7052420308436672,
        "func_sqmean",
        [
          [
            0.747059,
            0.660784
          ],
          [
            3,
            1
          ]
        ]
      ],
      [
        0.5460464551835311,
        "func_sqmean",
        [
          [
            0.616751,
            0.464706
          ],
          [
            1,
            0
          ]
        ]
      ]
    ],
    "layer1": [
      [
        0.6789978877321711,
        "func_sqmean",
        [
          [
            0.6516977374680689,
            0.7052420308436672
          ],
          [
            0,
            4
          ]
        ]
      ],
      [
        0.5665179197710785,
        "func_sqmean",
        [
          [
            0.586275,
            0.5460464551835311
          ],
          [
            0,
            3
          ]
        ]
      ],
      [
        0.6590658511233912,
        "func_sqmean",
        [
          [
            0.6021653395181427,
            0.7114298954338368
          ],
          [
            1,
            0
          ]
        ]
      ]
    ],
    "layer2": [
      [
        0.6252922056792728,
        "func_sqmean",
        [
          [
            0.5665179197710785,
            0.6789978877321711
          ],
          [
            1,
            0
          ]
        ]
      ],
      [
        0.6590658511233912,
        "no_op",
        0.6590658511233912
      ]
    ],
    "layer3": [
      [
        0.6424010190684049,
        "func_sqmean",
        [
          [
            0.6252922056792728,
            0.6590658511233912
          ],
          [
            0,
            1
          ]
        ]
      ]
    ]
  }
}